militancy_nerf_title; Decrease Militancy;;;;;;;;;;;;;
militancy_nerf_desc; This decision is going to lower your militancy.;;;;;;;;;;;;;
SUS_Form_title;Become Sus;;;;;;;;;;;;;
SUS_Form_desc;Do you want to be the Imposter?;;;;;;;;;;;;;
CUM_Form_title;CUM.;;;;;;;;;;;;;
CUM_Form_desc;If you click this button, you are a Coomer;;;;;;;;;;;;;
Coomer_Effect;Coomer's Land;;;;;;;;;;;;;
embrace_Greece_title;Destroy the Greek independence;;;;;;;;;;;;;
embrace_Greece_desc;Invade Greece now, for the $COUNTRY$. Show no mercy slaughter them like sheep! Oh no they're fighting back oh Shit they're really good...;;;;;;;;;;;;;
make_peace_with_polish_title;Accept the polish;;;;;;;;;;;;;
make_peace_with_polish_desc;This will definitly cause some trouble;;;;;;;;;;;;;
attack_the_dutch_FRA_title;Attack the Dutch!!;;;;;;;;;;;;;
attack_the_dutch_FRA_desc;We have no idea why we are doing this!;;;;;;;;;;;;;
attack_the_dutch_ENG_title;Reunite with our brothers;;;;;;;;;;;;;
attack_the_dutch_ENG_desc;We have no idea why we are doing this!;;;;;;;;;;;;;
reject_neutrality_title;Reject neutrality;;;;;;;;;;;;;
reject_neutrality_desc;Return to WAR!;;;;;;;;;;;;;
world_conquest_title;So it begins;;;;;;;;;;;;;
world_conquest_desc;The greatest Conquest of our time;;;;;;;;;;;;;
claim_south_germany_title;Claim Soth Germany;;;;;;;;;;;;;
claim_south_germany_desc;It doesn't belong to us, but we don't care;;;;;;;;;;;;;
claim_central_america_title;Claim Central America;;;;;;;;;;;;;
claim_central_america_desc;This will not cause any trouble ;;;;;;;;;;;;;
claim_the_baltic_terr_title;Claim the Baltic;;;;;;;;;;;;;
claim_the_baltic_terr_desc;We want control over the entire Baltic Sea!;;;;;;;;;;;;;
claim_Hawaii11_title;Claim Hawaii;;;;;;;;;;;;;
claim_Hawaii11_desc;It is a strategic important Position;;;;;;;;;;;;;
annex_swiss_title;Annex Switzerland;;;;;;;;;;;;;
annex_swiss_desc;We welcome them in our mighty country;;;;;;;;;;;;;
greater_Persia_title;Announce Greater Persia;;;;;;;;;;;;;
greater_Persia_desc;But it is neither Great or Persia;;;;;;;;;;;;;
great_Showdown_title;The Great Showdown;;;;;;;;;;;;;
great_Showdown_desc;announce the last war against our old enemy;;;;;;;;;;;;;
NORMAL_WAR_CONQUEST_NAME_TUR_PER;THE GREAT SHOWDOWN;;;;;;;;;;;;;
ozeanien_get_cores_title; Unite Oceania;;;;;;;;;;;;;
ozeanien_get_cores_desc; AUSSIE AND ASIANS UNITED IN A COUNTRY;;;;;;;;;;;;;
ozeanien_claim_cores_title; The time has come to expand our EMPIRE towards north;;;;;;;;;;;;;
ozeanien_claim_cores_desc; Claim cores on Vietnam, Burma, Indonesien and the philiphines.;;;;;;;;;;;;;
release_Canada_accept_french_title; Release Candana;;;;;;;;;;;;;
release_Canada_accept_french_desc; This decision will allow you to gain french as an accepted culture. Meanwhile you release Canada and lose Anglo Canadian as an accpeted Culture.;;;;;;;;;;;;;
release_AST_get_Cores_title; Release Austrailia;;;;;;;;;;;;;
release_AST_get_Cores_desc;This decision will allow you to gain cores on France. These lands are comparable with a peace treaty of the anglo-french wars. Meanwhile you release Australia and lose australian as an accpeted Culture..;;;;;;;;;;;;;
ozeanien_get_immigration_attraction_title; New Life in the New World;;;;;;;;;;;;;
ozeanien_get_immigration_attraction_desc; This decision will allow you to gain a immigration attraction.;;;;;;;;;;;;;
ozeanien_get_immigration_attraction_country_title; LET our population grow;;;;;;;;;;;;;
ozeanien_get_immigration_attraction_country_desc; This decision will allow you to gain a pop growth.;;;;;;;;;;;;;
IAA_country_modifier;A new chance.;;;;;;;;;;;;;
IAA_country_modifier_desc; MAKE OCEANIA a great power;;;;;;;;;;;;;
canada_make_EM_playable_title; Rise in Power;;;;;;;;;;;;;
canada_make_EM_playable_desc; CLICK this BUTTON to have some fun;;;;;;;;;;;;;
canada_inerhit_PRL_COM_QUE_etc_title; Unite Canada under one flag;;;;;;;;;;;;;
CAN_country_modifier_pop_growth; pop growth;;;;;;;;;;;;;
CAN_country_modifier_pop_growth_desc; This modifier is supposed to help u win by any chance against the USA;;;;;;;;;;;;;
canada_inerhit_PRL_COM_QUE_etc_desc; This decision will allow you to inerhit lots of territory;;;;;;;;;;;;;
CAN_country_modifier;Canada First;;;;;;;;;;;;;
CAN_country_modifier_desc; This modifier is going to help you forming CUM;;;;;;;;;;;;;
canada_make_increase_influence_title; Claim the Bahamas and the Caribbeans;;;;;;;;;;;;;
canada_make_increase_influence_desc; This decision allows you to claim Cuba, Haiti and inherit the Caribbean Islands as well as french New Foundland. Furthermore you gain the caribbeans cultures as accepted.;;;;;;;;;;;;;
claim_south_england_title; Claim cores on south england;;;;;;;;;;;;;
claim_south_england_desc; This decision will allow you to claim cores on south england. Furthermore you gain a modfier as well as 10 Infamy.;;;;;;;;;;;;;
claim_north_england_title; Reunite the Dual Monarchy;;;;;;;;;;;;;
claim_north_england_desc; This decision will allow you to claim cores on north england. Furthermore you gain British as an accepted culture as well as 25 Prestige.;;;;;;;;;;;;;
DM_country_modifier; KEEP FRANCE STRONG;;;;;;;;;;;;;
DM_country_modifier_desc; This modifier gives you following effects: mobilisation_size = 0.01 mobilization_impact = 0.25 local_ruling_party_support = 0.2 social_reform_desire = 0.05 naval_unit_start_experience = 15 suppression_points_modifier = 0.05 war_exhaustion = -0.05 immigrant_push = 1.;;;;;;;;;;;;;
claim_ireland; Claim Ireland;;;;;;;;;;;;;
claim_ireland; This decision will allow you to claim cores on ireland as well. Furthermore you gain Irish as an accepted culture as well as 18 Infamy..;;;;;;;;;;;;;
claimed_west_france_title; Claim more parts of France;;;;;;;;;;;;;
claimed_west_france_desc; BASED ;;;;;;;;;;;;;
reclaim_cores_on_SCO_title; Reclaim cores on Ireland;;;;;;;;;;;;;
reclaim_cores_on_SCO_desc; PRESS THIS BUTTON TO BECOME OP;;;;;;;;;;;;;
UK_reclaim_cores_on_SCO_country_modifier_title: ENDSIEG TIME;;;;;;;;;;;;;
UK_reclaim_cores_on_SCO_country_modifier_desc: ENDSIEG Modifier;;;;;;;;;;;;;
accept_north_german_title; The North Germans are our brothers;;;;;;;;;;;;;
accept_north_german_desc; Accept north german as an secondary culture.;;;;;;;;;;;;;
inherit_norway_title; Inherit Norway;;;;;;;;;;;;;
inherit_norway_desc; Norway has been our for years. It's time to form an Union under our Flag. This decison allows you to inherit Norway;;;;;;;;;;;;;
claim_cores_on_SCO_title; It's time to expand our Nation;;;;;;;;;;;;;
claim_cores_on_SCO_desc; This decision allows you to claim cores on Scottland as well as accepting the British Culture and pops.;;;;;;;;;;;;;
UK_reclaim_cores_on_SCO_country_modifier_title; IT IS ENDSIEG TIME.;;;;;;;;;;;;;
UK_reclaim_cores_on_SCO_country_modifier_desc; This modifier calls out the Total War.;;;;;;;;;;;;;
UK_1836_country_modifier; British Morale.;;;;;;;;;;;;;
UK_1836_country_modifier_desc; Most of the British people dislike the claims on France as well as accepting the French culture and pops.;;;;;;;;;;;;;
ozeanien_get_DIA_accepted_title; Accept the vietnamese Culture;;;;;;;;;;;;;
ozeanien_get_DIA_accepted_desc; This decision allows you to accept the vietnamese Culture and pops.;;;;;;;;;;;;;
IAA_country_modifier; Oceania the New World;;;;;;;;;;;;;
IAA_country_modifier_desc; This modifier gives you following effects: life_rating = 0.6 immigrant_attract = 2 population_growth = 0.01 assimilation_rate = 0.05 prestige = 0.025;;;;;;;;;;;;;
form_dm_title;Form Anglofrancia;;;;;;;;;;;;;
form_dm_desc;After we have taken our claims, we need to change the name our Country;;;;;;;;;;;;;
become_thicker_romania_title;Claim the thicker romania ;;;;;;;;;;;;;
become_thicker_romania_desc;WHO IS LAUGHING NOW, BITCH? ;;;;;;;;;;;;;
rom_school_system_title;Reform the schoolsystem ;;;;;;;;;;;;;
rom_school_system_desc;Make the peseants reeeeaaaad!! ;;;;;;;;;;;;;
encourage_total_mobilisation_title;Encourage total Mobilisation ;;;;;;;;;;;;;
encourage_total_mobilisation_desc; If you can, send EVERYONE!!! ;;;;;;;;;;;;;
rom_school_system_effect;Reformed Schoolsystem;;;;;;;;;;;;;
total_mobilisation;Total Mobilisation;;;;;;;;;;;;;
total_mobilisation_desc; Mobilize every single men in our country to the defeat the hostile aggression;;;;;;;;;;;;;
spa_core_port_title; Claim Portugal;;;;;;;;;;;;;
spa_core_port_desc; No reason, boarders I guess;;;;;;;;;;;;;
spa_core_mex_title; Claim Mexico;;;;;;;;;;;;;
spa_core_mex_desc; GIVE... ME... POOORTS!!;;;;;;;;;;;;;
spa_annex_morocco_title; Annex Morocco;;;;;;;;;;;;;
spa_annex_morocco_desc; Why not? ;;;;;;;;;;;;;
chi_long_title; LOOOOOONGBOOIII ;;;;;;;;;;;;;
chi_long_desc; CLAIM THE ENTIRE COAST ;;;;;;;;;;;;;
claim_byztantine_empire_title;Reclaim Byzantium;;;;;;;;;;;;;
claim_byztantine_empire_desc;Lets try it boyz;;;;;;;;;;;;;
reform_byztantine_empire_title;Reform Byzantium;;;;;;;;;;;;;
reform_byztantine_empire_desc;We did it boyz;;;;;;;;;;;;;
byz_get_cores_title;Get cores on our formal Empire;;;;;;;;;;;;;
byz_get_cores_desc;LETSS GOOO;;;;;;;;;;;;;
byz_assimilate_title;ASSIMILATE THE CORES;;;;;;;;;;;;;
byz_assimilate_desc;MAKE THEM... GREEEEEEEK;;;;;;;;;;;;;
byz_assimilate_modifier;ASSIMILATE Byzantium!!;;;;;;;;;;;;;
byz_cores_ita_title;STIN ITALIA!;;;;;;;;;;;;;
byz_cores_ita_desc;Dunno how, dunno why!!!;;;;;;;;;;;;;
greek_military_schools;Greek Military Schools;;;;;;;;;;;;;
Finland_country_modifier; Make Finland great again;;;;;;;;;;;;;
Finland_country_modifier_desc; This modifier is inspited by prussian_general_staff;;;;;;;;;;;;;
claim_scandivia_title; Expand our empire towards scandinavia;;;;;;;;;;;;;
claim_scandivia_desc; This decision allows you to claim cores on Denmark, Sweden, Norway and Iceland. You also gain their cultures as accepted;;;;;;;;;;;;;
finland_claim_cores_title; Contest the north european powerhouse;;;;;;;;;;;;;
finland_claim_cores_desc; This decison allows u to claim big chunks of Russia as well as inherit the United Baltic Staates;;;;;;;;;;;;;
claim_the_HRE_title; Claim the Holy Roman Empire;;;;;;;;;;;;;
claim_the_HRE_desc; Don't mind if I dooo;;;;;;;;;;;;;
become_the_HRE_title; Become the Holy Roman Empire;;;;;;;;;;;;;
become_the_HRE_desc; The Thousand Years Reich!! ;;;;;;;;;;;;;
jap_accept_the_korean_title; Accept the Koreans;;;;;;;;;;;;;
jap_accept_the_korean_desc; We all look the same! ;;;;;;;;;;;;;
expand_claims_jap_title; Expand our Claims ;;;;;;;;;;;;;
expand_claims_jap_desc; To make a nice little empire ;;;;;;;;;;;;;
nigerian_battle_royale_title; Nigerian battle royale ;;;;;;;;;;;;;
nigerian_battle_royale_desc; Epic Fortnite Victory Royale incoming ;;;;;;;;;;;;;
form_nigeria_title; Form Nigeria;;;;;;;;;;;;;
form_nigeria_desc; Who is colonizing now, BITCH?!;;;;;;;;;;;;;
nigerian_schools;Nigerian War Schools;;;;;;;;;;;;;
change_rgo_ngr_title;Organize our production;;;;;;;;;;;;;
change_rgo_ngr_desc;Big Profit Incoming;;;;;;;;;;;;;
rise_of_rome; Rise of Rome;;;;;;;;;;;
claim_roman_empire_title;Claim the Roman Empire;;;;;;;;;;;
claim_roman_empire_desc;Nobody likes you anymore;;;;;;;;;;;
form_roman_empire_title;Become the Roman Empire ;;;;;;;;;;;
form_roman_empire_desc;You officially WON THE GAME!!;;;;;;;;;;;
mex_central_american_ambition_title;Ambitions in Central America;;;;;;;;;;;
mex_central_american_ambition_desc;If you are Mexico, you will abolish Cum for Cores in Central America;;;;;;;;;;;
mongol_civ_boost;Big dreams;;;;;;;;;;;
mongol_empire_title;Big dreams;;;;;;;;;;;
mongol_empire_desc;Reform the Mongol Empire;;;;;;;;;;;
mongol_game_boost; Mongol Power;;;;;;;;;;;
mongol_baby_boom; Baby Boom;;;;;;;;;;;
accept_danish_GERM_title;Accept the Danish;;;;;;;;;;;
accept_danish_GERM_desc; kinda low, innit?;;;;;;;;;;;
accept_italian_ger_title;Accept the North Italiens;;;;;;;;;;;
accept_italian_ger_desc; kinda high, init?;;;;;;;;;;;
reform_indian_schoolsystem_title; Reform the schoolsystem;;;;;;;;;;;
reform_indian_schoolsystem_desc;Give them Indian YT Tutorials;;;;;;;;;;;
claim_india_title; Claim India;;;;;;;;;;;
claim_india_desc;Time to conquer all of INDIAAAA...;;;;;;;;;;;
indian_schoolsystem;Indian Schoolsystem;;;;;;;;;;;
form_india_f_title;Unify India;;;;;;;;;;;
form_india_f_desc;Big Blob it is;;;;;;;;;;;
become_independent_title; The time has come to become an empire;;;;;;;;;;;;;
become_independent_desc; This decision is supposed to help you achieving the rang of a secondary or primary power;;;;;;;;;;;;;
claim_cores_SAF_title; Claim your Cores;;;;;;;;;;;;;
claim_cores_SAF_desc; This decision encourages out school system you also gain lots of cores allover south africa;;;;;;;;;;;;;
organize_SAF_title; Organize South Africa;;;;;;;;;;;;;
organize_SAF_desc; This decision is going to change some RGO from wool to for example iron.;;;;;;;;;;;;;
unite_SAF_title; Create South Africa;;;;;;;;;;;;;
unite_SAF_desc; This decison gives you several postive effects like westernizing. Futhermore your country tag changes to South Africa.;;;;;;;;;;;;;
organize_madadadada_title; Organize Madagascar;;;;;;;;;;;;;
organize_madadadada_desc; This Island has lots of iron and copper. Let's mine it;;;;;;;;;;;;;
scramble_time_south_africa_title; Scramble for Africa;;;;;;;;;;;;;
scramble_time_south_africa_desc; The european powers are going to expand their empires. So do we. ;;;;;;;;;;;;;
african_schools;We need to catch with europe;;;;;;;;;;;;;
african_schools_desc; This modifier is supposed to help us becoming a great power;;;;;;;;;;;;;
unite_Ethiopia_title; Unite Ethiopia;;;;;;;;;;;;;
unite_Ethiopia_desc; This decision allows you to claim cores allover africa;;;;;;;;;;;;;
expand_our_empire_eth_title; It's time to claim more lands;;;;;;;;;;;;;
expand_our_empire_eth_desc; This decions allows you to claim big parts of the arabic world;;;;;;;;;;;;;
treaty_of_ankober_title; Treaty of ankober;;;;;;;;;;;;;
treaty_of_ankober_desc; We have decided to expand our nation.;;;;;;;;;;;;;
treaty_of_cairo_title; Treaty of Cairo;;;;;;;;;;;;;
treaty_of_cairo_desc; The Ethiopian dominance in the region forced the Egyptians the accept defeat. Now Egypt gets integrated into the Ethiopian Empire;;;;;;;;;;;;;
treaty_of_gonder_title; Treaty of Gonder;;;;;;;;;;;;;
treaty_of_gonder_desc; After several conflicts between Egypt and Ethiopia the Egyptian general Tutanchamun betraied the Egyptian Government and help the Ethiopians to take control over 1849;;;;;;;;;;;;;
treaty_of_istanbul_title; Treaty of Istanbul;;;;;;;;;;;;;
treaty_of_istanbul_desc; Ankober becomes the new capital. The Ottoman Empire releases Egypt. Ethiopia take sudan from Egypt.;;;;;;;;;;;;;
claim_aragon_empire_title; Claim the Empire of Aragon;;;;;;;;;;;;;
claim_aragon_empire_desc;  Gain Cores on Catalonia, Sardinia, Corsica and Naples;;;;;;;;;;;;;
claim_more_lands_ARAGON_fra_title; Redraw the borders;;;;;;;;;;;;;
claim_more_lands_ARAGON_fra_desc; The time has come to make a move and change the internaltional politics forever. These lands are ours.;;;;;;;;;;;;;
reform_aragon_empire_title; Form the Empire of Aragon;;;;;;;;;;;;;
reform_aragon_empire_desc; It is time to reunity with our brothers;;;;;;;;;;;;;
unify_italy_AGN_title; Unify Italy;;;;;;;;;;;;;
unify_italy_AGN_desc; Our dominance over Italy must be asserted;;;;;;;;;;;;;
Enhance_our_position_inSPA_as_ARA_title; Enhance our position in Spain;;;;;;;;;;;;;
Enhance_our_position_inSPA_as_ARA_desc; We are supposed to unite the spanish and the italien lets make a step into the right direction and conquer these lands.;;;;;;;;;;;;;
conquerSPA_as_ARA_title; Madrid is ours. We need to end the spanish rule on the Iberian Peninsula forever;;;;;;;;;;;;;
conquerSPA_as_ARA_desc; Gain even more cores on Spain.;;;;;;;;;;;;;
release_ukraine_for_persia_title;Release the Ukraine to annex Persia;;;;;;;;;;;;;
release_ukraine_for_persia_desc;A Soul for a Soul;;;;;;;;;;;;;
kongo_school_system_title; Expand into the jungle;;;;;;;;;;;;;
kongo_school_system_desc; The jungle is where live in and where we come from. Lets tell everybody that is ours.;;;;;;;;;;;;;
loango_school_system_title; Expand into the jungle;;;;;;;;;;;;;
loango_school_system_desc; The jungle is where live in and where we come from. Lets tell everybody that is ours.;;;;;;;;;;;;;
kasai_school_system_title; Expand into the jungle;;;;;;;;;;;;;
kasai_school_system_desc; The jungle is where live in and where we come from. Lets tell everybody that is ours.;;;;;;;;;;;;;
luba_school_system_title; Expand into the jungle;;;;;;;;;;;;;
luba_school_system_desc; The jungle is where live in and where we come from. Lets tell everybody that is ours.;;;;;;;;;;;;;
kongo_annex_congo_title;Colonize Congo;;;;;;;;;;;;;
kongo_annex_congo_desc;We need more land to become an Empire;;;;;;;;;;;;;
kongo_school_system_modifier;Modernizing Country;;;;;;;;;;;;;
kongo_school_system_modifier_desc;Modernizing Country asap;;;;;;;;;;;;;
start_kongo_civWar_title; ITS TIME FOR WAR;;;;;;;;;;;;;
start_kongo_civWar_desc; Start the kongo Civil War. You will gain cores on your neighbours. However they do so too, so better be careful;;;;;;;;;;;;;
arabia_boost_title;Modernize Arabia;;;;;;;;;;;;;
arabia_boost_desc;Modernize Arabia;;;;;;;;;;;;;
arabia_rgos_title;Organize Arabia;;;;;;;;;;;;;
arabia_rgos_desc;Get some sweet sweet Oil in;;;;;;;;;;;;;
arabia_rgos;arabian Mines;;;;;;;;;;;;;
arabia_boost_modifier;Modernizing ;;;;;;;;;;;;;
ukraine_cores_title; Claim the Balkan;;;;;;;;;;;;;
ukraine_cores_desc; We need to expand in order to survive;;;;;;;;;;;;;
become_south_HRE_title;Declare the Southern German Empire;;;;;;;;;;;;;
become_south_HRE_desc;Its like the HRE, just worse;;;;;;;;;;;;;
net_take_java_back_title; Inherit Java;;;;;;;;;;;;;
net_take_java_back_desc; This decision allows you to inherit Java;;;;;;;;;;;;;
Han_rise_in_power_title; Rise in Power;;;;;;;;;;;;;
Han_rise_in_power_desc; Annex some of your neighbors.;;;;;;;;;;;;;
accept_danish_before_ger_title; Die Dänen sind unsere Brüder;;;;;;;;;;;;;
accept_danish_before_ger_desc; Gain danish as an accepted culture.;;;;;;;;;;;;;
accept_danish_ngf_title; Die Dänen sind unsere Brüder;;;;;;;;;;;;;
accept_danish_ngf_desc; Gain danish as an accepted culture.;;;;;;;;;;;;;
accept_danish_GER_title; Die Dänen sind unsere Brüder;;;;;;;;;;;;;
accept_danish_GER_desc; Gain danish as an accepted culture.;;;;;;;;;;;;;
fascist_care;Fascist Healthcare;;;;;;;;;;;;;
fascist_genozid_title;Begin Mass Genozid;;;;;;;;;;;;;
fascist_genozid_desc;Kill your non-core-pop for popgrowth;;;;;;;;;;;;;
turn_against_master_title;Turn against our master;;;;;;;;;;;;;
turn_against_master_desc;Greatest anime betrail of all ;;;;;;;;;;;;;
claim_cores_arm_title; Reunite our former empire;;;;;;;;;;;;;
arm_country_modifier; Greater Armenia;;;;;;;;;;;;;
arm_country_modifier_desc; This modfier is supposed to help us forming the Armenian Empire;;;;;;;;;;;;;
claim_cores_arm_desc; This decision reunites the greater Armenia;;;;;;;;;;;;;
non__historic_claim_cores_arm_title; Expand the Armenian empire;;;;;;;;;;;;;
non__historic_claim_cores_arm_desc; This decision allows us to claim cores on Persia and the Ottoman as well as parts of russia.;;;;;;;;;;;;;
unite_TRD_title; Unite The Timurid Empire;;;;;;;;;;;;;
unite_TRD_desc; The people of east central Asian have decided to reunite the fallen empire of Timurid;;;;;;;;;;;;;
claim_russia_as_trd_title; Free Our Brothers;;;;;;;;;;;;;
claim_russia_as_trd_desc; Free our brothers who are oppressed by the russians.;;;;;;;;;;;;;
claim_uncolonized_LANDS_to_become_strong_af_title; It's time to push through our claims.;;;;;;;;;;;;;
claim_uncolonized_LANDS_to_become_strong_af_desc;  Show the russians our will.;;;;;;;;;;;;;
treaty_of_teheran_per_title; Treaty of Teheran;;;;;;;;;;;;;
treaty_of_teheran_per_desc; Annex the Timurid Empire.;;;;;;;;;;;;;
treaty_of_teheran_trd_title; Treaty of Teheran;;;;;;;;;;;;;
treaty_of_teheran_trd_desc; Annex the Persia.;;;;;;;;;;;;;
clam_norrland_and_nordnorge_title; Get cores on the Sami land.;;;;;;;;;;;;;
clam_norrland_and_nordnorge_desc; This decision allows us to claim cores on Norway and Sweden.;;;;;;;;;;;;;
organize_IAA_title; Organize Oceania.;;;;;;;;;;;;;
organize_IAA_desc; This decision allows you to change some rgo's of your provinces.;;;;;;;;;;;;;
form_scandi_if_bugged_title; Form Scandinavia if the HPM decision is bugged.;;;;;;;;;;;;;
form_scandi_if_bugged_desc; Become Scandinavia;;;;;;;;;;;;;
Expand_our_empire_title; Expand our Empire;;;;;;;;;;;;;
Expand_our_empire_desc; Our kind people have been suppressed for centuries. The time has come to form an empire under Serbian hands.;;;;;;;;;;;;;
get_strong_serbia_based_title; The time has come to reform our System.;;;;;;;;;;;;;
get_strong_serbia_based_desc; This decision allows you to gain an insane general as well as activate a few technologies.;;;;;;;;;;;;;
get_RhineLand_france_title; Aquire rhineland;;;;;;;;;;;;;
get_RhineLand_france_desc; Get cores on the rhineland;;;;;;;;;;;;;
become_a_polish_nation_title; Back to our roots ;;;;;;;;;;;;;
become_a_polish_nation_desc; Prussia was a former part of the Polish–Lithuanian Commonwealth. Our goal is to reunite the Commonwealth under prussian flag.;;;;;;;;;;;;;
claim_south_han_1836_title; Enhance our borders;;;;;;;;;;;;;
claim_south_han_1836_desc; Get cores on indochina as well as some parts of china;;;;;;;;;;;;;
claim_south_han_1845_title; The time has come to create an EMPIRE;;;;;;;;;;;;;
claim_south_han_1845_desc; Claim even more cores as well as gain money, gain prestige and technologies;;;;;;;;;;;;;
claim_south_han_1870_title; Expand towards the west;;;;;;;;;;;;;
claim_south_han_1870_desc; This decision allows you to claim huge chunks of lands.;;;;;;;;;;;;;
claim_south_han_1890_title; Claim the land of the south han;;;;;;;;;;;;;
claim_south_han_1890_desc; This decision allows you to claim even more parts of china;;;;;;;;;;;;;
become_PLR_title; Form Polish-Prussia;;;;;;;;;;;;;
become_PLR_desc; Your Country Changes to Polish-PrussiaThis decision allows you to gain a decision to annex some southgerman minors as well as gaining south german as an accepted culture;;;;;;;;;;;;;
annex_south_german_minors_based_title; Expand out empire towards south Germany;;;;;;;;;;;;;
annex_south_german_minors_based_desc; Annex some south german minors.;;;;;;;;;;;;;
add_south_german_as_culture_title; The South Germans are our brothers;;;;;;;;;;;;;
add_south_german_as_culture_desc; Gain South German as an accepted culture;;;;;;;;;;;;;
breslau_great_city_title; Make Breslau the cultural center of our empire;;;;;;;;;;;;;
breslau_great_city_desc; Breslau becomes the new capital of our country;;;;;;;;;;;;;
accept_more_cultures_title; Accept Czechs, North Germans and South Germans and make them our brothers;;;;;;;;;;;;;
accept_more_cultures_desc; Your country changes to PLC. This decision allows you to gain a lot of cores as well as 3 more cultures accepted;;;;;;;;;;;;;
breslau_modifier; Make Breslau great;;;;;;;;;;;;;
breslau_modifier_desc; Breslau is a great city and supposed to be one the most remarkable cities of our country;;;;;;;;;;;;;
koenigsberg_great_city_title; Königsberg is our new capital;;;;;;;;;;;;;
koenigsberg_great_city_desc; Press this to renovate Königsberg;;;;;;;;;;;;;
Koenigsberg_modifier; Prussian dominance;;;;;;;;;;;;;
Koenigsberg_modifier_desc; Koenigsberg is going to be the city on the globe!;;;;;;;;;;;;;
net_german_coast_title; Aquire the german coast;;;;;;;;;;;;;
net_german_coast_desc; Gain cores on a part of the german coast as well as gaining norht german as an accepted culture.;;;;;;;;;;;;;
net_claim_england_title; Claim England;;;;;;;;;;;;;
net_claim_england_desc; Not rule Bratannia; RULE Dutch;;;;;;;;;;;;;
form_danubian_moc_title; Form the Danubian Confederation;;;;;;;;;;;;;
form_danubian_moc_desc; This decision allows you to create the danubian confederation. Furthermore you gain some more accepted cultures to establish the strongest empire among the european great powers.;;;;;;;;;;;;;
accepted_ukr_as_dnb_title; The ukrainians are our brothers;;;;;;;;;;;;;
accepted_ukr_as_dnb_desc; Gain ukrainian as an accepted culture as well as bosniak. Further more you gain cores on Bosnia.;;;;;;;;;;;
gain_partsOFserbia_as_dnb_title; Attack the serbs;;;;;;;;;;;;;
gain_partsOFserbia_as_dnb_desc; The time has come to make the serbians our brothers. Lets conquer their lands;;;;;;;;;;;
greater_vienna_moc_title; Das Glück is a Vogerl;;;;;;;;;;;;;
greater_vienna_moc_desc; Vienna is supposed to be the greatest city in eurpoe. Wenn die Welt einmal untergehen sollte, ziehe ich nach Wien, denn dort passiert alles 50 Jahre später.;;;;;;;;;;;;;
greater_capital_moc_title;Renovate your Capital;;;;;;;;;;;;;
greater_capital_moc_desc; Buff your capital to enhance your power and prestige.;;;;;;;;;;;;;
prague_modifier_aa_title; PRAHA;;;;;;;;;;;;;
prague_modifier_aa_desc; Prague is a great city. Our goal is it so it stays this forever.;;;;;;;;;;;;;
sarajevo_modifier_aa_title; Renovarte Sarajevo;;;;;;;;;;;;;
sarajevo_modifier_aa_desc; Renovarte Sarajevo. It is supposed become a beautiful city.;;;;;;;;;;;;;
reform_rgo_aus_title; Our lands have great resources;;;;;;;;;;;;;
reform_rgo_aus_desc; Organize a lot of provinces.;;;;;;;;;;;;;
Sarajevo_modifier; LET Sarajevo grow;;;;;;;;;;;;;
Ljubljana_modifier_aa_title; Make Laibach great again;;;;;;;;;;;;;
Ljubljana_modifier_aa_desc; Give the province Ljubljana a modifier as well as rename it to Laibach;;;;;;;;;;;;;
Sarajevo_modifier_desc; Province modifier to buff the region.;;;;;;;;;;;;;
ljubljana_modifier; Make Laibach great again;;;;;;;;;;;;;
ljubljana_modifier_desc; Province modifier to buff the region.;;;;;;;;;;;;;
prague_modifier; Skvely Praha;;;;;;;;;;;;;
prague_modifier_desc; Province modifier to buff the region.;;;;;;;;;;;;;
vienna_modifier; Die Stadt der Städte;;;;;;;;;;;;;
vienna_modifier_desc; Wer braucht Berlin, München, Hamburg oder Köln? Wenn er auch Wien haben kann.;;;;;;;;;;;;;
capital_modifier_moc; Capital Modifier ;;;;;;;;;;;;;
capital_modifier_moc_desc; Modifier for all Capitals ;;;;;;;;;;;;;
hamburg_city_trade_title; Renovate Hamburg;;;;;;;;;;;;;
hamburg_city_trade_desc; Die Hanselstadt Hamburg hat einer der größten Häfen Deutschlands. Solch eine Stadt muss stark gehalten werden.;;;;;;;;;;;;;
cologne_city_boost_title; Keep Cologne great;;;;;;;;;;;;;
cologne_city_boost_desc; Cologne is one of the biggest city within the rhineland. Lets keep it that way!;;;;;;;;;;;;;
munich_city_boost_title; Encourage the Oktoberfest;;;;;;;;;;;;;
munich_city_boost_desc; Bier ist eine deutsche Sache. Lasst und mehr drinken.;;;;;;;;;;;;;
hamburg_modifier; Hanselstadt;;;;;;;;;;;;;
hamburg_modifier_desc; Renovate Hamburg;;;;;;;;;;;;;
cologne_modifier; Kölnsch;;;;;;;;;;;;;
cologne_modifier_desc; Drink mehr Kölnsch;;;;;;;;;;;;;
munich_modifier; Oktoberfest;;;;;;;;;;;;;
munich_modifier_desc; Renovate Munich;;;;;;;;;;;;;
frenhc_battle_royal_moc_title; Start the French Battle Royale;;;;;;;;;;;;;
frenhc_battle_royal_moc_desc; The time has come to find the real emperor of the french lands.;;;;;;;;;;;;;
become_DUA_BRITTANY_title; Form the Anglofrench-Union;;;;;;;;;;;;;
become_DUA_BRITTANY_desc; Your country is going to change to Anglofranca and you will gain cores on England.;;;;;;;;;;;;;
claim_fra_as_brittany_title; Claim a more regions of france;;;;;;;;;;;;;
claim_fra_as_brittany_desc; Gain cores on nearly all of former france.;;;;;;;;;;;;;
claim_celtic_brothers_title; Reunite with our Celtic Brothers;;;;;;;;;;;;;
claim_celtic_brothers_desc; A majorityof our core population are ancestors from the celts. We should reunite with our brothers to make the our Culture superior.;;;;;;;;;;;;;
claim_more_prv_1900_title; Greater Provence;;;;;;;;;;;;;
claim_more_prv_1900_desc; Claim more cores on former french lands.;;;;;;;;;;;;;
CLAIM_italy_the_more_PRV_title; Unite Italy under our flag;;;;;;;;;;;;;
CLAIM_italy_the_more_PRV_desc; A nationalistic thought has come around in Italy. The italians want to unite. Lets make them unite with us.;;;;;;;;;;;;;
cliam_ITALY_prv_moc_title; The time has come to gain more lands;;;;;;;;;;;;;
cliam_ITALY_prv_moc_desc; To become strong and a powerful power within europe, we should claim more lands since more literate population increases our chance of becoming a great nation.;;;;;;;;;;;;;
reclaim_cores_to_AQU_title; Claim cores;;;;;;;;;;;;;
reclaim_cores_to_AQU_desc; Claim cores to become powerful;;;;;;;;;;;;;
claim_more_of_spain_aqu_title; Lets expand our empire towards the Iberian Peninsula;;;;;;;;;;;;;
claim_more_of_spain_aqu_desc; Gain cores on some parts of spain as well as gain catalan as an accepted culture.;;;;;;;;;;;;;
form_aragon_as_aqu_title; Form Aragon;;;;;;;;;;;;;
form_aragon_as_aqu_desc; The time has come to let aragon rise from the ashes and become powerful again.;;;;;;;;;;;;;
clain_more_of_the_medterian_title; Claim a part of the african coast;;;;;;;;;;;;;
clain_more_of_the_medterian_desc; The coastal region of africa has been a part of aragon. Lets integrate them.;;;;;;;;;;;;;
claim_more_of_fra_aqu_title; We are french;;;;;;;;;;;;;
claim_more_of_fra_aqu_desc; We are french people. The french lands are ours!;;;;;;;;;;;;;
claim_more_in_the_east_title; Claim more lands in the east;;;;;;;;;;;;;
claim_more_in_the_east_desc; The time has come to claim more lands.;;;;;;;;;;;;;
claim_ita_bad_moc_title; Lets draw new borders in europe;;;;;;;;;;;;;
claim_ita_bad_moc_desc; Redraw some borders in the east.;;;;;;;;;;;;;
reclaim_cores_to_unite_FRA_moc_title; We need to restore a french Nation;;;;;;;;;;;;;
reclaim_cores_to_unite_FRA_moc_desc; We need to restore a french Nation. Claim cores on France.;;;;;;;;;;;;;
form_france_again_moc_title; FORM France and Gain a helpful modifier;;;;;;;;;;;;;
form_france_again_moc_desc; If you do this decision you will get a great modifier. Furthermore your country changes to France.;;;;;;;;;;;;;
BRG_claim_cores_on_FRA_title; Claim Cores;;;;;;;;;;;;;
BRG_claim_cores_on_FRA_desc; Claim more cores to expand our nation.;;;;;;;;;;;;;
BRG_claim_cores_on_GER_title; The claim german lands to gain Hegemony;;;;;;;;;;;;;
BRG_claim_cores_on_GER_desc; Conquer Germany to enhance our position as THE German Empire;;;;;;;;;;;;;
BRG_claim_cores_more_on_GER_title: There are more lands to claim;;;;;;;;;;;;;
BRG_claim_cores_more_on_GER_desc: We need to integrate them into our empire.;;;;;;;;;;;;;
BRG_form_HRE_moc_title; Form HRE;;;;;;;;;;;;;
BRG_form_HRE_moc_desc; Your country changes to the Holy Roman Empire. Furthermore you will gain a lot of cores.;;;;;;;;;;;;;
BRG_gain_germans_accepted_title; The Germans are our brothers;;;;;;;;;;;;;
BRG_gain_germans_accepted_desc; We should integrate our German brothers. Let's unite the germanic world.;;;;;;;;;;;;;
HRE_Claim_MORE_title; Restore the greatness of the former HRE;;;;;;;;;;;;;
HRE_Claim_MORE_desc; GAIN even more cores.;;;;;;;;;;;;;
HRE_Claim_Alps_title: The alps belong to our empire. Lets conquer them;;;;;;;;;;;;;
HRE_Claim_Alps_desc: The alps have been a former part of the Holy Roman Empire, since our plan is to restore their greatness we should conquer these territories.;;;;;;;;;;;;;
add_czech_culture_title; Gain Czech as an accepted culture;;;;;;;;;;;;;
add_czech_culture_desc; You will gain Czech as an accepted culture.;;;;;;;;;;;;;
add_romanian_culture_title; Gain Romanian as an accepted culture;;;;;;;;;;;;;
add_romanian_culture_desc; You will gain Romanian as an accepted culture.;;;;;;;;;;;;;
change_russian_tech_school_title; The russian society demands different research focuses;;;;;;;;;;;;;
change_russian_tech_school_desc; This decison is going to change your tech academia .;;;;;;;;;;;;;
integrate_portugal_into_aragon_title; Integrate Portugal into our empire;;;;;;;;;;;;;
integrate_portugal_into_aragon_desc; Gain cores on Portugal as well as gain portuguese as an accepted culture;;;;;;;;;;;;;
Eich_Home; Greeen Heart ;;;;;;;;;;;;;
Eich_Home_desc; REEEEEEEEE ;;;;;;;;;;;;;
create_eich_title; HAST DU MEIN EICHSFELD NICHT GESEHEN;;;;;;;;;;;;;
create_eich_desc; mit seinen Burg gekr�nten H�hen!;;;;;;;;;;;;;
demand_higher_administration_title; Demand higher adminsistrative rights;;;;;;;;;;;;;
demand_higher_administration_desc; Demand that our spherelings become our puppets;;;;;;;;;;;;;
Eic_Puppet_Administration; Eichsfelds Demands;;;;;;;;;;;;;
Eic_Puppet_Administration_desc; Prepare for trouble;;;;;;;;;;;;;
create_eu_title;Proclaim the EU;;;;;;;;;;;;;
create_eu_desc;Be carefull with this decission, you may end up at war with the entirety of europe;;;;;;;;;;;;;
solidify_eu_title;Solidify the EU;;;;;;;;;;;;;
solidify_eu_desc;Make this state actually functioning ;;;;;;;;;;;;;
reclaim_brazil_title;Get our old boys into the country;;;;;;;;;;;;;
reclaim_brazil_desc;Get REROOOOOOOOLLL;;;;;;;;;;;;;
colonial_might;Colonial Efforts;;;;;;;;;;;;;
colonial_might_title; Kickstart Colonial Empire ;;;;;;;;;;;;;
colonial_might_desc; It is time to become a colonial empire;;;;;;;;;;;;;
artiljerija;Artiljerija;;;;;;;;;;;;;
artiljerija_title;Artiljerija;;;;;;;;;;;;;
artiljerija_desc;Bosanac sam Bekrija;;;;;;;;;;;;;
russia_battle_royal_moc_title; Russian Battle Royale;;;;;;;;;;;;;
russia_battle_royal_moc_desc; Demobilize aaaaand remobilize! ;;;;;;;;;;;;;
mus_annex_rus_title; Annex Russia ;;;;;;;;;;;;;
mus_annex_rus_desc; I am a bad programmer ;;;;;;;;;;;;;
claim_russia_title; Unite the boys back togehter ;;;;;;;;;;;;;
claim_russia_desc; Prepare for demobilize aaaand remobilize ;;;;;;;;;;;;;
Boost_School_title; Smort Russians ;;;;;;;;;;;;;
Boost_School_desc; Teach the People how to read;;;;;;;;;;;;;
Claim_Scandinavia_title; Claim Scandinavia ;;;;;;;;;;;;;
Claim_Scandinavia_desc; We need these boyz manpower later;;;;;;;;;;;;;
Claim_Asia_title; Claim Asian Territory ;;;;;;;;;;;;;
Claim_Asia_desc; WE GO TO JAPAN!!!! ;;;;;;;;;;;;;
tur_advance_schoolsystem_title; Strengthen the schoolsystem;;;;;;;;;;;;;
tur_advance_schoolsystem_desc; Research Positisvism and get two techs for free;;;;;;;;;;;;;
deal_yugoslav_title; Deal with the Yugoslavs ;;;;;;;;;;;;;
deal_yugoslav_desc; We need to negotiate before they partition us ;;;;;;;;;;;;;
inherit_egypt_title; Inherit Egypt;;;;;;;;;;;;;
inherit_egypt_desc; before someone else does;;;;;;;;;;;;;
deal_rom_title; Deal with the Romanians ;;;;;;;;;;;;;
deal_rom_desc; We need to negotiate before they partition us ;;;;;;;;;;;;;
deal_bul_title; Deal with the Bulgarians ;;;;;;;;;;;;;
deal_bul_desc; We need to negotiate before they partition us ;;;;;;;;;;;;;
deal_alb_title; Deal with the Albanians ;;;;;;;;;;;;;
deal_alb_desc; We need to negotiate before they partition us ;;;;;;;;;;;;;
deal_gre_title; Fully Integrate Greece ;;;;;;;;;;;;;
deal_gre_desc; Remove their cores and shit ;;;;;;;;;;;;;
ire_claim_scot_title; Claim Scotland;;;;;;;;;;;;;
ire_claim_scot_desc; The Start of our Conquest ;;;;;;;;;;;;;
ire_integrate_sco_title; Integrate Scotland;;;;;;;;;;;;;
ire_integrate_sco_desc; They will speak our old Language ;;;;;;;;;;;;;
south_african_sneaky_title; Attack South Afrika;;;;;;;;;;;;;
south_african_sneaky_desc; We do a little sneaky rn;;;;;;;;;;;;;
south_african_expedition_title; The South African Expedition;;;;;;;;;;;;;
south_african_expedition_desc; Others are building Empires, we should try doing that too.;;;;;;;;;;;;;
claim_can_title; Claim Canada;;;;;;;;;;;;;
claim_can_desc; Based Colonial moment???;;;;;;;;;;;;;
treaty_port_iron_title; Change Treaty Port to Iron;;;;;;;;;;;;;
treaty_port_oil_title; Change Treaty Port to Oil;;;;;;;;;;;;;
treaty_port_sulphur_title; Change Treaty Port to Sulphur;;;;;;;;;;;;;
MAM_no_slavery; Slavery Outlawed;;;;;;;;;;;;;
MAM_no_slavery_desc; Since we dont have slave we get something else.;;;;;;;;;;;;;
form_mamluk_empire_title; Form Mamluk;;;;;;;;;;;;;
form_mamluk_empire_desc; The Egyptians need a need emporer. You seem to be the chosen one.;;;;;;;;;;;;;
connectent_our_lands_mam_title; Our empire is spilt apart. Lets unite it.;;;;;;;;;;;;;
connectent_our_lands_mam_desc; Claim Kleinasien to connect your land. The time has come to show the world who the real Mamluk is.;;;;;;;;;;;;;
Parisii_modifier;Great France;;;;;;;;;;;;;
Parisii_modifier_desc;Gain more power;;;;;;;;;;;;;
PARIS_MOC_modifier; La capitalorganize_cairo_moc
PARIS_MOC_modifier_desc; Liberté pour chaque personne qui habite ici.;;;;;;;;;;;;;
organize_cairo_moc_title; Organize Egypt;;;;;;;;;;;;;
organize_cairo_moc_desc; The time has come to open some mines and start mining!;;;;;;;;;;;;;
gain_reasearchpoints_adm_ref_title; Reform your country;;;;;;;;;;;;;
gain_reasearchpoints_adm_ref_desc; This decision is supposed to help you to westernize since we rather start learning how to read than keep on loving sheeps. MIC DROP;;;;;;;;;;;;;
gain_reasearchpoints_mil_ref_title; The time has come to reform the military;;;;;;;;;;;;;
gain_reasearchpoints_mil_ref_desc; Everything changed we need to catch up with the west to face out enemys. Arbeiter, Bauern HEBT die gewehre. Hebt die Gewehere zur Hand.;;;;;;;;;;;;;
egy_bcm_mam_empire_moc_title; Form Mamluk;;;;;;;;;;;;;
egy_bcm_mam_empire_moc_desc; The time has come to gain a new leader to enslave our population.;;;;;;;;;;;;;
egy_claims_arab_wrld_title; We should unit the Arab World;;;;;;;;;;;;;
egy_claims_arab_wrld_desc; Gain cores on a lot of arabic regoins.;;;;;;;;;;;;;
claim_more_arab_land_to_rule_em_title; There are more lands to conquer;;;;;;;;;;;;;
claim_more_arab_land_to_rule_em_desc; They are our brothers we should unite our empire. The time has come.;;;;;;;;;;;;;
claim_esp_as_arab_title; Claim South Spain;;;;;;;;;;;;;
claim_esp_as_arab_desc; A long time ago our anchestors used to rule this area. We should conquer it again. The time has come. War is upon them.;;;;;;;;;;;;;
global_infamy; MOC INFAMY BOOST;;;;;;;;;;;;;
global_infamy_title; MOC INFAMY BOOST;;;;;;;;;;;;;
global_infamy_desc; Free Infamy for everyone;;;;;;;;;;;;;
obtain_texas_as_culture_title; Obtain the texans;;;;;;;;;;;;;
obtain_texas_as_culture_desc; Gain texans as an accepted culture. As well as core their lands.;;;;;;;;;;;;;
gain_more_cultures_title; More people should be integrated into our empire;;;;;;;;;;;;;
gain_more_cultures_desc; Press this to become STRONG af - lets go!;;;;;;;;;;;;;
assimilate_all_cores_MOC_title; Fix the Culture gore;;;;;;;;;;;;;
assimilate_all_cores_MOC_desc; Assimilate all of your cores to your primary culture.;;;;;;;;;;;;;
releasePCA_title; Release Portuguese Africa Company;;;;;;;;;;;;;
releasePCA_desc; Release Portuguese Africa Company and gain 25 Prestige. Be care you gonna have a hard time reclaim your former colony. Furthermore be careful - perhaps they might wanna come back home and conquer their actual homeland.;;;;;;;;;;;;;
PAC_new_world;The New World in Africa;;;;;;;;;;;;;
PAC_new_world_desc; Welcome new People from all over the world to our country.;;;;;;;;;;;;;
new_lisbon_title; Create New Lisbon;;;;;;;;;;;;;
new_lisbon_desc; This decision is going to establish the city of new lisbon in  Luanda. Furthermore this citry is going to grow tremendously.;;;;;;;;;;;;;
enhance_our_lands_title; Enhance our lands;;;;;;;;;;;;;
enhance_our_lands_desc; Conquer more of the africa plain.;;;;;;;;;;;;;
encourage_total_mobilisation_afr_title; Mobilize to Secure the hegemony within Central Afica;;;;;;;;;;;;;
encourage_total_mobilisation_afr_desc; Gain a mobilization modifier to conquer your neighbours;;;;;;;;;;;;;
gen_for_civwar_kongo_title; Enable Chad starting General ;;;;;;;;;;;;;
gen_for_civwar_kongo_desc; Igor von Moltke will serve the country ;;;;;;;;;;;;;
provinz_growth_modifier;Provinz Growth Modifier;;;;;;;;;;;;;
provinz_growth_modifier_desc;Let this provinz grow;;;;;;;;;;;;;
claim_kongo_title;Claim Kongo;;;;;;;;;;;;;
claim_kongo_desc;The time has come to annex our neighbours. Lets conquer em.;;;;;;;;;;;;;
claim_iberia_title; Conquer our roots;;;;;;;;;;;;;
claim_iberia_desc; Annex the portuguese Homeland. To reunite the portuguese empire we need to go back Home;;;;;;;;;;;;;
sphere_por_to_annex_title; Annex Portugal;;;;;;;;;;;;;
sphere_por_to_annex_desc; We have sphered Portugal. Lets annex Portugal!;;;;;;;;;;;;;
liberty_enlightening_the_world_mex_title; Gift the Mexicans the Statue of Equality;;;;;;;;;;;;;
liberty_enlightening_the_world_mex_desc; The time has come to underline our friendship with a gift.;;;;;;;;;;;;;
assimilate_usa_ter_title; ASSIMILATE em!;;;;;;;;;;;;;
assimilate_usa_ter_desc; ASSIMILATE em right now!;;;;;;;;;;;;;
accepted_arabs_persia_title; WE are ARABS as well;;;;;;;;;;;;;
accepted_arabs_persia_desc; WE are ARABS as well, so lets integrate them. For the better.;;;;;;;;;;;;;
inherit_KONGO_PUPPET_title; Inherit the Free Congo State;;;;;;;;;;;;;
inherit_KONGO_PUPPET_desc; Annex them for greater influence. But be kind. We aint Belgium, are we??;;;;;;;;;;;;;
aquire_part_of_kasai_title; Explore Kasai;;;;;;;;;;;;;
aquire_part_of_kasai_desc; Claim more lands inside the Jungles and make em ours.;;;;;;;;;;;;;
claimMGL_title; Claim Mongolia;;;;;;;;;;;;;
claimMGL_desc; We need to expand our influence these folks seem to be quite easy to conquer. Lets give it shot. Onwards to MONGOLIA.;;;;;;;;;;;;;
Claim_South_Japan_title; Claim a part of south Japan;;;;;;;;;;;;;
Claim_South_Japan_desc; Our main enemy is japan. We need to weaken their power. If not they gonna conquer us and the korean people will be suppressed for centries F.;;;;;;;;;;;;;
Claim_Formosa_asia_title; Claim Formosa;;;;;;;;;;;;;
Claim_Formosa_asia_desc; We need to establish control of this important island, since it is a very important habour and all our enemy seek to have it as well. BETTER BE QUICK. This time the nationalist chinese party cant flee anywhere XD.;;;;;;;;;;;;;
assimilate_Formosa_asia_title; Integrate Formosa into our Empire;;;;;;;;;;;;;
assimilate_Formosa_asia_desc; Assimilate every single person in Formosa and make em a real part of our grealful and mightful empire.;;;;;;;;;;;;;
assimilate_Formosa_asia2_title; Integrate Formosa into our Empire;;;;;;;;;;;;;
assimilate_Formosa_asia2_desc; Assimilate every single person in Formosa and make em a real part of our grealful and mightful empire.;;;;;;;;;;;;;